#CHROM	Position	REF	ALT	TRANSCRIPT	MetaRNN-indel_score
1	1167669		GCGGCGGGCGTGGCG	ENST00000379198	0.1269969
1	1168064	TGCTGGCCA		ENST00000379198	0.9066347
1	1372415	GGCTCCACTGCCCCTGGGCACCGG		ENST00000476993;ENST00000471398;ENST00000495558	0.97104406;0.97104406;0.97104406
1	1640294	TCCTCC		ENST00000358779;ENST00000378638;ENST00000378633;ENST00000404249;ENST00000357760;ENST00000356200	0.047115266;0.047115266;0.047115266;0.047115266;0.047115266;0.047115266
1	1684347	CCT		ENST00000341991;ENST00000342348;ENST00000378625;ENST00000341426	0.08257538;0.08257538;0.08257538;0.08257538
1	1718779	ATC		ENST00000378609	0.87540543
1	2160484	TCCGACCGCTCC		ENST00000378536	0.97261155
1	2160484	TCCGACCGC		ENST00000378536	0.9519057
1	2160515		TACTGGAAGGCGAGACCA	ENST00000378536	0.23421425
1	2338231	GCAGCCCCATGG		ENST00000447513;ENST00000288774;ENST00000507596	0.8017454;0.8017454;0.8017454
1	2435830	TCC		ENST00000419816;ENST00000378486	0.16744924;0.16744924
1	2460944		GCG	ENST00000378453	0.17361209
1	3347514		GAC	ENST00000511072;ENST00000270722;ENST00000378391;ENST00000509860;ENST00000514189	0.14562279;0.14562279;0.14562279;0.14562279;0.14562279
1	6509021	CCACCGCCGCCC		ENST00000377828;ENST00000416731;ENST00000461727	0.00829941;0.00829941;0.00829941
1	6517283	GGAGGCGGGACCTCCTGC		ENST00000377828;ENST00000416731;ENST00000461727	0.911142;0.911142;0.911142
1	6520178	GAA		ENST00000377828;ENST00000416731;ENST00000461727	0.45648822;0.45648822;0.45648822
1	6529182	TCCTCC		ENST00000535355;ENST00000377728;ENST00000537245;ENST00000400915;ENST00000377732;ENST00000377748;ENST00000400913;ENST00000377740;ENST00000340850;ENST00000377725	0.061875373;0.061875373;0.061875373;0.061875373;0.061875373;0.061875373;0.061875373;0.061875373;0.061875373;0.061875373
1	6529188		TCCTCCTCCTCCTCCTCCTCTTCCTCCTCCTGCTCA	ENST00000535355;ENST00000377728;ENST00000537245;ENST00000400915;ENST00000377732;ENST00000377748;ENST00000400913;ENST00000377740;ENST00000340850;ENST00000377725	0.14052925;0.14052925;0.14052925;0.14052925;0.14052925;0.14052925;0.14052925;0.14052925;0.14052925;0.14052925
1	6529197		TCCTCCTCCTCT	ENST00000535355;ENST00000377728;ENST00000537245;ENST00000400915;ENST00000377732;ENST00000377748;ENST00000400913;ENST00000377740;ENST00000340850;ENST00000377725	0.14609295;0.14609295;0.14609295;0.14609295;0.14609295;0.14609295;0.14609295;0.14609295;0.14609295;0.14609295
1	7724635	TTCCAGGCCAAC		ENST00000303635	0.48140833
1	8045014	GCC		ENST00000377493;ENST00000493678;ENST00000469225;ENST00000377488;ENST00000377491;ENST00000493373;ENST00000338639	0.9886267;0.9886267;0.9886267;0.9886267;0.9886267;0.9886267;0.9886267
1	8418276	GGTGGA		ENST00000476556;ENST00000400908;ENST00000377464;ENST00000337907	0.95834416;0.95834416;0.95834416;0.95834416
1	8418276		GGTGGA	ENST00000476556;ENST00000400908;ENST00000377464;ENST00000337907	0.56076425;0.56076425;0.56076425;0.56076425
1	8419842	CGCTCCCGCTCT		ENST00000476556;ENST00000400908;ENST00000377464;ENST00000337907	0.05859214;0.05859214;0.05859214;0.05859214
1	8419842	CGCTCC		ENST00000476556;ENST00000400908;ENST00000377464;ENST00000337907	0.13306108;0.13306108;0.13306108;0.13306108
1	8419854		CGCTCC	ENST00000476556;ENST00000400908;ENST00000377464;ENST00000337907	0.20613733;0.20613733;0.20613733;0.20613733
1	8419868	CTCCTT		ENST00000476556;ENST00000400908;ENST00000377464;ENST00000337907	0.42842516;0.42842516;0.42842516;0.42842516
1	8419868		CTCCTT	ENST00000476556;ENST00000400908;ENST00000377464;ENST00000337907	0.28008848;0.28008848;0.28008848;0.28008848
1	8420958		GTGGGGGGCCTGGGTGCTGCA	ENST00000476556;ENST00000400908;ENST00000377464;ENST00000337907	0.14947072;0.14947072;0.14947072;0.14947072
1	8421106	GGGATGCGGCGG		ENST00000476556;ENST00000400908;ENST00000377464;ENST00000337907	0.0072131157;0.0072131157;0.0072131157;0.0072131157
1	8421106		GGGATGCGGCGG	ENST00000476556;ENST00000400908;ENST00000377464;ENST00000337907	0.14678052;0.14678052;0.14678052;0.14678052
1	8716306		CGGTCC	ENST00000400907;ENST00000468247;ENST00000400908;ENST00000337907	0.16751659;0.16751659;0.16751659;0.16751659
1	8716321	TCTTTG		ENST00000400907;ENST00000468247;ENST00000400908;ENST00000337907	0.09615815;0.09615815;0.09615815;0.09615815
1	10699140	TCGTCG		ENST00000377022	0.052776754
1	10699143	TCGTCGTCGTCC		ENST00000377022	0.027326643
1	10699188	TCGTCC		ENST00000377022	0.043889195
1	11190679		GTGGTGGCAGTGGCGGCC	ENST00000361445;ENST00000376838	0.18056312;0.18056312
1	11190697	GTGGTGGCGGCA		ENST00000361445;ENST00000376838	0.061887503;0.061887503
1	11190751	TTC		ENST00000361445;ENST00000376838	0.44826618;0.44826618
1	11308100	GTC		ENST00000361445	0.3372535
1	11710779	GCG		ENST00000354287;ENST00000465901	0.12423238;0.12423238
1	11852373	CTT		ENST00000376592;ENST00000376583;ENST00000376585;ENST00000376590	0.15816385;0.15816385;0.15816385;0.15816385
1	11856363	TGA		ENST00000376592;ENST00000376583;ENST00000376585;ENST00000376590	0.98299855;0.98299855;0.98299855;0.98299855
1	12026314	AGG		ENST00000196061	0.7688147
1	14105121		GAA	ENST00000235372;ENST00000311066;ENST00000413440;ENST00000407521;ENST00000343137	0.14480019;0.14480019;0.14480019;0.14480019;0.14480019
1	14106394		CTC	ENST00000235372;ENST00000311066;ENST00000413440;ENST00000343137	0.16969317;0.16969317;0.16969317;0.16969317
1	15772182	ACACCCGCAAGAAGCCGGTAGTCT		ENST00000375949	0.98223436
1	17313380	AGA		ENST00000502418;ENST00000326735;ENST00000452699;ENST00000341676	0.6759928;0.6759928;0.6759928;0.6759928
1	17371316	ATCGATAGA		ENST00000375499	0.98895156
1	20880267		GAG	ENST00000332947	0.12802139
1	20977034		CAA	ENST00000321556	0.19153988
1	21801435	GTCTCCCAG		ENST00000318249;ENST00000342104;ENST00000454000	0.037851363;0.028327346;0.037851363
1	21900272	CTT		ENST00000539907;ENST00000540617;ENST00000374840;ENST00000374832	0.9968379;0.9968379;0.9968379;0.9968379
1	21902324	CCT		ENST00000539907;ENST00000540617;ENST00000374840;ENST00000374832	0.86658376;0.86658376;0.86658376;0.86658376
1	24022368	GAG		ENST00000458455;ENST00000374550	0.40587437;0.6442749
1	26135595		CCT	ENST00000354177	0.36020744
1	26608807	GGGTCCAGGACA		ENST00000314675;ENST00000374221;ENST00000374223;ENST00000374222;ENST00000374217;ENST00000357089	0.014441848;0.014441848;0.014441848;0.014441848;0.014441848;0.014441848
1	26608829	CCGGGACCGGGACCGGGACTGGGGCCGGGACCGGGA		ENST00000314675;ENST00000374221;ENST00000374223;ENST00000374222;ENST00000374217;ENST00000357089	0.00072804093;0.00072804093;0.00072804093;0.00072804093;0.00072804093;0.00072804093
1	26608853	CCGGGACCGGGA		ENST00000314675;ENST00000374221;ENST00000374223;ENST00000374222;ENST00000374217;ENST00000357089	0.018076003;0.018076003;0.018076003;0.018076003;0.018076003;0.018076003
1	26673138		CCT	ENST00000475866	0.17432085
1	27022939	CCG		ENST00000324856;ENST00000457599	0.14100352;0.14100352
1	27023007		GGC	ENST00000324856;ENST00000457599	0.13410765;0.13410765
1	27023140		GGCGGCGGCGGCGGAGCC	ENST00000324856;ENST00000457599	0.09680739;0.09680739
1	27023144	GCGGCGGCGGAGCCGGCA		ENST00000324856;ENST00000457599	0.003150791;0.003150791
1	27023620		GCG	ENST00000324856;ENST00000457599	0.09449133;0.09449133
1	27023620	GCG		ENST00000324856;ENST00000457599	0.09449133;0.09449133
1	27023740	GGCGGG		ENST00000324856;ENST00000457599	0.01935348;0.01935348
1	27023908	GCTGCGGCGGCGGCA		ENST00000324856;ENST00000457599	0.009348631;0.009348631
1	27023911	GCGGCGGCGGCAGCTGCG		ENST00000324856;ENST00000457599	0.006468475;0.006468475
1	27100181		GCAGCA	ENST00000374152;ENST00000324856;ENST00000457599	0.15791252;0.15791252;0.15791252
1	27100181		GCA	ENST00000374152;ENST00000324856;ENST00000457599	0.15791252;0.15791252;0.15791252
1	27100181	GCA		ENST00000374152;ENST00000324856;ENST00000457599	0.11100289;0.11100289;0.11100289
1	27106364		ATTTGT	ENST00000374152;ENST00000324856;ENST00000457599	0.36416942;0.36416942;0.36416942
1	27107185	TGA		ENST00000374152;ENST00000324856;ENST00000457599	0.3724026;0.3724026;0.3724026
1	27428886	GGT		ENST00000263980	0.1656746
1	27875374	GGCAGAGGCTGCAGAGGT		ENST00000374011;ENST00000247087	0.05771005;0.05771005
1	27875384	GCAGAGGTG		ENST00000374011;ENST00000247087	0.075041294;0.075041294
1	27875517	AGG		ENST00000374011;ENST00000247087	0.12745845;0.12745845
1	28286607	CTT		ENST00000373884	0.16306734
1	31381374	CCGGCCCCGGCG		ENST00000339394	0.015510857
1	33272123	CCACCTGCTTTA		ENST00000373477	0.9368343
1	35250783	ATT		ENST00000373362;ENST00000373366	0.71789;0.71789
1	35580282	ATA		ENST00000373330;ENST00000359858	0.11681241;0.11681241
1	36203659	TTC		ENST00000520551;ENST00000251195;ENST00000373220;ENST00000318121	0.15084049;0.15084049;0.15084049;0.15084049
1	36558064	GAT		ENST00000373178	0.28142554
1	36643700	AGA		ENST00000373150;ENST00000316156;ENST00000373151	0.09798357;0.09798357;0.09798357
1	40424345	GTT		ENST00000372809	0.1874274
1	40557821	AAG		ENST00000433473	0.8771674
1	41249946		CGGGCTCCGGCT	ENST00000347132;ENST00000509682	0.08121878;0.08121878
1	41250023	GTCTACAAC		ENST00000347132;ENST00000509682	0.7924303;0.7924303
1	41285110	CTC		ENST00000347132;ENST00000509682	0.977244;0.977244
1	42922554	CCTTCGGGCCCAGCC		ENST00000372560;ENST00000372561	0.07758322;0.07758322
1	43392882	GAT		ENST00000426263	0.919448
1	43393354		CTC	ENST00000426263	0.9875288
1	43395275	AGACAGCTGCTG		ENST00000426263	0.9956486
1	43395593	CTCTCGGGG		ENST00000426263	0.9942682
1	43396305	GAG		ENST00000372500;ENST00000426263	0.4575842;0.96010685
1	45796890	TCC		ENST00000372115;ENST00000528013;ENST00000372098;ENST00000372104;ENST00000355498;ENST00000488731;ENST00000450313;ENST00000456914;ENST00000448481;ENST00000529984;ENST00000372110;ENST00000354383	0.44288635;0.44288635;0.44288635;0.44288635;0.44288635;0.44288635;0.44288635;0.44288635;0.44288635;0.44288635;0.44288635;0.44288635
1	45798772		ATCCAT	ENST00000372115;ENST00000528013;ENST00000372098;ENST00000372104;ENST00000355498;ENST00000435155;ENST00000450313;ENST00000456914;ENST00000448481;ENST00000372110;ENST00000354383	0.68841016;0.68841016;0.68841016;0.68841016;0.68841016;0.68841016;0.68841016;0.68841016;0.68841016;0.68841016;0.68841016
1	45973988	TAC		ENST00000401061	0.6784209
1	45974693	AGA		ENST00000401061	0.8656188
1	45974824	CCCAGCAGAGCCCGGAGCTGGCTCAGC		ENST00000401061	0.014373452
1	54605318		GGG	ENST00000371330	0.17637676
1	55224726	TCT		ENST00000371279	0.16138962
1	55505551	ACTGCTGCT		ENST00000302118	0.019614995
1	55505551	ACT		ENST00000302118	0.07949749
1	55505552	CTGCTG		ENST00000302118	0.08572167
1	55505552		CTG	ENST00000302118	0.14636046
1	55505603		GAGGAC	ENST00000302118	0.13735679
1	55680540		GCC	ENST00000294383	0.15129709
1	62672389		AACAGA	ENST00000498273	0.099310756
1	63788983	GGCCGGAGCCGG		ENST00000371116	0.008155525
1	63879807	TAA		ENST00000371108;ENST00000263440	0.17561197;0.52357423
1	68896752	TCT		ENST00000262340	0.99492514
1	68904629		CCA	ENST00000262340	0.9126427
1	68912446	TGCCCA		ENST00000262340	0.9942571
1	76199267	TGGATG		ENST00000370834;ENST00000370841;ENST00000420607;ENST00000541113	0.9946118;0.9946118;0.9946118;0.9946118
1	76200483	TAT		ENST00000370834;ENST00000370841;ENST00000420607;ENST00000541113	0.98906577;0.98906577;0.98906577;0.98906577
1	78024345		TAT	ENST00000344720;ENST00000478255;ENST00000354567	0.17257074;0.17257074;0.17257074
1	85039998		GCAGCGCCA	ENST00000370630	0.20331231
1	89250481	TCT		ENST00000370521;ENST00000370513;ENST00000316005	0.12741369;0.12741369;0.12741369
1	92732008	TTG		ENST00000495852;ENST00000370360	0.5154074;0.6360436
1	92737110		TTC	ENST00000495852;ENST00000370360	0.16569522;0.23142874
1	92754544	AGG		ENST00000370360	0.67483574
1	94473282		AGG	ENST00000370225;ENST00000536513	0.9566833;0.19586742
1	94485275	CACGCAGATGGCAAC		ENST00000370225	0.98600495
1	94496553	GAA		ENST00000370225	0.50388557
1	94506835	AGC		ENST00000370225	0.84326625
1	100357187	CTTCTA		ENST00000370165;ENST00000370161;ENST00000361915;ENST00000370163;ENST00000294724	0.906623;0.906623;0.906623;0.906623;0.906623
1	100618005	TCT		ENST00000370137;ENST00000342895;ENST00000370138	0.25571716;0.25571716;0.25571716
1	103379215	CACCCTTGTCAC		ENST00000370096;ENST00000512756;ENST00000358392;ENST00000353414	0.9959959;0.9959959;0.9959959;0.9959959
1	103453205		CTT	ENST00000370096;ENST00000512756;ENST00000358392;ENST00000353414	0.97896904;0.97896904;0.97896904;0.97896904
1	103470192	GAGGACCTT		ENST00000370096;ENST00000512756;ENST00000358392;ENST00000353414	0.98806995;0.98806995;0.98806995;0.98806995
1	108703858	AAG		ENST00000565488;ENST00000370041	0.5492725;0.5492725
1	109465156	CAA		ENST00000264126;ENST00000406462	0.17369696;0.17369696
1	109465165	CTT		ENST00000264126;ENST00000406462	0.17729908;0.17729908
1	109792735		CGC	ENST00000271332	0.16373011
1	109815537		GAGGAGGAAGAA	ENST00000271332	0.17590386
1	111667477	ATAACGAAC		ENST00000286692;ENST00000539140	0.9621756;0.9621756
1	111674110	AGC		ENST00000286692;ENST00000539140	0.25224572;0.25224572
1	111957495	CAGGGCTCACAGACTGATGACTCA		ENST00000369732	0.000705451
1	111957501	TCACAGACTGATGACTCACAGGGG		ENST00000369732	0.000606239
1	111957547	GGTCAGGGTCTTTTCCCCAGGGGTCACAGACTGATAACCCACAGA		ENST00000369732	0.000765771
1	112524666	AGA		ENST00000315987;ENST00000369697;ENST00000302127	0.9831944;0.9831944;0.9831944
1	113252851	TTG		ENST00000464951;ENST00000309276	0.14694366;0.14694366
1	115256597		TCC	ENST00000369535	0.93834513
1	116243865	TCA		ENST00000261448	0.21663436
1	116243865		TCA	ENST00000261448	0.20642495
1	145415387		CCT	ENST00000421822;ENST00000336751	0.20618308;0.20618308
1	149763017	AAG		ENST00000369168	0.029926538
1	149885187	CTC		ENST00000369146;ENST00000369145	0.13599586;0.13599586
1	151263677		ACA	ENST00000324048;ENST00000336715	0.17237175;0.17237175
1	151373771	GACTTAGTA		ENST00000290541	0.79638207
1	151380956	GAG		ENST00000368863;ENST00000392723;ENST00000529669;ENST00000491586;ENST00000271715;ENST00000531094;ENST00000409503	0.20779666;0.20779666;0.20779666;0.20779666;0.20779666;0.20779666;0.20779666
1	151384258		AGG	ENST00000491586	0.17406738
1	151584734		GGC	ENST00000458013;ENST00000368843	0.12468162;0.12468162
1	151678722		TGCTGCTGC	ENST00000290585;ENST00000290583	0.16750494;0.16750494
1	152084175		TGCTGCTCGCGCCTCTCC	ENST00000368804	0.1551157
1	152084693	CTC		ENST00000368804	0.14682159
1	152129065	TGGTGGGAATCTCTGTCTTGTTTCTCAGACTGACCA		ENST00000316073	0.00099954
1	152882771	GAGCAGCAGGAGGGACAGCTGAAGCACCCG		ENST00000368764	0.003732622
1	152957820	GAGCCCTGCCACCCCAAGGTGCCT		ENST00000368762	0.06695804
1	153907278		CTG	ENST00000361217;ENST00000368646	0.17043391;0.17043391
1	154143154	TTC		ENST00000302206;ENST00000328159;ENST00000330188;ENST00000368533;ENST00000368531;ENST00000271850;ENST00000341485;ENST00000323144;ENST00000368530;ENST00000341372	0.62144595;0.62144595;0.62144595;0.62144595;0.62144595;0.62144595;0.62144595;0.62144595;0.62144595;0.62144595
1	154143170	TCT		ENST00000302206;ENST00000328159;ENST00000330188;ENST00000368533;ENST00000368531;ENST00000271850;ENST00000341485;ENST00000323144;ENST00000368530;ENST00000341372	0.9729382;0.9729382;0.9729382;0.9729382;0.9729382;0.9729382;0.9729382;0.9729382;0.9729382;0.9729382
1	154245863	GAA		ENST00000328703;ENST00000483970;ENST00000435087	0.14041162;0.14041162;0.14041162
1	154842199		GCTGCTGCTGCTGCTGCTGCT	ENST00000271915	0.17456767
1	154842199		GCTGCTGCTGCT	ENST00000271915	0.17456767
1	154842199		GCTGCT	ENST00000271915	0.17456767
1	154842199		GCTGCTGCTGCTGCTGCT	ENST00000271915	0.17456767
1	154842199	GCTGCT		ENST00000271915	0.086506695
1	154842199	GCT		ENST00000271915	0.13158816
1	154842199		GCT	ENST00000271915	0.17456767
1	154842330	TGCTGCTGCTGC		ENST00000271915	0.046982944
1	154962931	CTC		ENST00000315144;ENST00000292180;ENST00000368432;ENST00000368428	0.378146;0.378146;0.378146;0.378146
1	155057645	GGGGTGGGCCCC		ENST00000368408;ENST00000505139	0.26411533;0.26411533
1	155209759	GTA		ENST00000427500;ENST00000368373;ENST00000327247	0.76862663;0.76862663;0.76862663
1	155265341	GAT		ENST00000342741;ENST00000392414	0.9635582;0.9635582
1	155658111	GCGGCGGCA		ENST00000368340;ENST00000368339;ENST00000405763	0.044333845;0.044333845;0.044333845
1	156084797	AGG		ENST00000368300;ENST00000361308;ENST00000368299;ENST00000368301;ENST00000347559	0.99290013;0.99290013;0.99290013;0.99290013;0.99290013
1	156084800	AGA		ENST00000368300;ENST00000361308;ENST00000368299;ENST00000368301;ENST00000347559	0.9952506;0.9952506;0.9952506;0.9952506;0.9952506
1	156100414	AAG		ENST00000504687;ENST00000368297;ENST00000368300;ENST00000361308;ENST00000368299;ENST00000448611;ENST00000473598;ENST00000368301;ENST00000347559	0.85777223;0.85777223;0.85777223;0.85777223;0.85777223;0.85777223;0.85777223;0.85777223;0.85777223
1	156100514	AGCGCACGCTGGAGG		ENST00000504687;ENST00000368297;ENST00000368300;ENST00000361308;ENST00000368299;ENST00000448611;ENST00000473598;ENST00000368301;ENST00000347559	0.97857744;0.97857744;0.97857744;0.97857744;0.97857744;0.97857744;0.97857744;0.97857744;0.97857744
1	156104299	AGA		ENST00000504687;ENST00000368297;ENST00000368300;ENST00000361308;ENST00000368299;ENST00000448611;ENST00000473598;ENST00000368301;ENST00000347559	0.9736149;0.9736149;0.9736149;0.9736149;0.9736149;0.9736149;0.9736149;0.9736149;0.9736149
1	156104733	AAG		ENST00000504687;ENST00000368297;ENST00000368300;ENST00000361308;ENST00000368299;ENST00000448611;ENST00000473598;ENST00000368301;ENST00000347559	0.9073243;0.9073243;0.9073243;0.9073243;0.9073243;0.9073243;0.9073243;0.9073243;0.9073243
1	156104744	GGA		ENST00000504687;ENST00000368297;ENST00000368300;ENST00000361308;ENST00000368299;ENST00000448611;ENST00000473598;ENST00000368301;ENST00000347559	0.98694456;0.98694456;0.98694456;0.98694456;0.98694456;0.98694456;0.98694456;0.98694456;0.98694456
1	156105004	AGGAAC		ENST00000368297;ENST00000368300;ENST00000361308;ENST00000368299;ENST00000448611;ENST00000473598;ENST00000368301;ENST00000347559	0.92984736;0.92984736;0.92984736;0.92984736;0.92984736;0.92984736;0.92984736;0.92984736
1	156105021	GGG		ENST00000368297;ENST00000368300;ENST00000361308;ENST00000368299;ENST00000448611;ENST00000473598;ENST00000368301;ENST00000347559	0.6284916;0.6284916;0.6284916;0.6284916;0.6284916;0.6284916;0.6284916;0.6284916
