#CHROM	Position	REF	ALT	RawScore	PHRED
1	1167669		GCGGCGGGCGTGGCG	0.575805	10.1
1	1168064	TGCTGGCCA		1.712286	17.56
1	1372415	GGCTCCACTGCCCCTGGGCACCGG		1.576665	16.71
1	1640294	TCCTCC		1.209961	14.71
1	1684347	CCT		0.648403	10.72
1	1718779	ATC		2.60165	22.8
1	2124345		TTG	-0.694502	0.02
1	2160484	TCCGACCGC		1.546701	16.54
1	2160484	TCCGACCGCTCC		1.535874	16.47
1	2160515		TACTGGAAGGCGAGACCA	1.434239	15.9
1	2338231	GCAGCCCCATGG		4.829158	33
1	2430086		GTGGGGGCC	1.712066	17.56
1	2435830	TCC		1.113116	14.15
1	2460944		GCG	0.606259	10.36
1	3347514		GAC	1.420753	15.83
1	6509021	CCACCGCCGCCC		1.836709	18.48
1	6517283	GGAGGCGGGACCTCCTGC		2.304304	22
1	6520178	GAA		2.152172	21.1
1	6529182	TCCTCC		0.994802	13.39
1	6529188		TCCTCCTCCTCCTCCTCCTCTTCCTCCTCCTGCTCA	1.018437	13.55
1	6529197		TCCTCCTCCTCT	1.665595	17.26
1	7724635	TTCCAGGCCAAC		2.141498	21
1	7889972	AGAATCCATCCCATCCTACTGCCAGCGCTCTGTCCACAGGATCGCCTCCCATGA		0.194637	5.76
1	8045014	GCC		1.726835	17.66
1	8418276		GGTGGA	2.395149	22.3
1	8418276	GGTGGA		2.388057	22.3
1	8419842	CGCTCC		1.884286	18.84
1	8419842	CGCTCCCGCTCT		1.927812	19.17
1	8419854		CGCTCC	0.94572	13.05
1	8419868		CTCCTT	1.761032	17.91
1	8419868	CTCCTT		2.208848	21.5
1	8420958		GTGGGGGGCCTGGGTGCTGCA	1.88489	18.84
1	8421106		GGGATGCGGCGG	1.304034	15.21
1	8421106	GGGATGCGGCGG		0.468803	9.104
1	8716306		CGGTCC	2.063318	20.3
1	8716321	TCTTTG		2.040368	20.1
1	10699140	TCGTCG		1.719298	17.61
1	10699143	TCGTCGTCGTCC		1.813132	18.3
1	10699188	TCGTCC		1.554053	16.58
1	11190679		GTGGTGGCAGTGGCGGCC	0.791688	11.89
1	11190697	GTGGTGGCGGCA		1.471445	16.11
1	11190751	TTC		2.291417	22
1	11308100	GTC		2.296482	22
1	11710779	GCG		1.437956	15.92
1	11852373	CTT		2.397832	22.3
1	11856363	TGA		1.924564	19.14
1	11861390		GGGTCACCTGCTGGGTGCCAGGTCACGTCTATGTAGAGG	2.216718	21.5
1	12026314	AGG		2.53001	22.6
1	14105121		GAA	0.424167	8.654
1	14106394		CTC	1.803035	18.22
1	15772182	ACACCCGCAAGAAGCCGGTAGTCT		1.873094	18.75
1	17313380	AGA		1.672726	17.3
1	17371316	ATCGATAGA		2.308562	22
1	20880267		GAG	1.894142	18.91
1	20977034		CAA	2.046422	20.2
1	21502724	GCCGCCGCC		1.50587	16.3
1	21801435	GTCTCCCAG		0.410166	8.507
1	21900272	CTT		2.462236	22.5
1	21902324	CCT		1.735447	17.72
1	24022368	GAG		2.509942	22.6
1	26135595		CCT	2.282618	21.9
1	26608807	GGGTCCAGGACA		0.604217	10.35
1	26608829	CCGGGACCGGGACCGGGACTGGGGCCGGGACCGGGA		0.233927	6.33
1	26608853	CCGGGACCGGGA		0.291407	7.1
1	26673138		CCT	1.676126	17.32
1	27022939	CCG		1.541865	16.51
1	27023007		GGC	2.051396	20.2
1	27023140		GGCGGCGGCGGCGGAGCC	1.912393	19.05
1	27023144	GCGGCGGCGGAGCCGGCA		1.874262	18.76
1	27023620		GCG	1.944546	19.3
1	27023620	GCG		1.683476	17.37
1	27023740	GGCGGG		1.96216	19.43
1	27023908	GCTGCGGCGGCGGCA		2.065949	20.4
1	27023911	GCGGCGGCGGCAGCTGCG		2.068992	20.4
1	27100181		GCA	1.708055	17.53
1	27100181		GCAGCA	1.69601	17.45
1	27100181	GCA		1.720104	17.62
1	27106364		ATTTGT	2.368899	22.3
1	27107185	TGA		2.195393	21.4
1	27428886	GGT		2.39813	22.3
1	27875374	GGCAGAGGCTGCAGAGGT		1.983723	19.6
1	27875384	GCAGAGGTG		1.961515	19.43
1	27875517	AGG		2.236871	21.7
1	28286607	CTT		1.057626	13.81
1	31381374	CCGGCCCCGGCG		1.376285	15.59
1	33272123	CCACCTGCTTTA		2.252916	21.8
1	35250783	ATT		2.100314	20.6
1	35580282	ATA		0.489639	9.305
1	36203659	TTC		2.09169	20.6
1	36558064	GAT		2.332968	22.1
1	36643700	AGA		1.466858	16.08
1	40424345	GTT		0.570399	10.05
1	40557821	AAG		2.088271	20.5
1	41249946		CGGGCTCCGGCT	1.485191	16.18
1	41250023	GTCTACAAC		2.038854	20.1
1	41285110	CTC		2.058681	20.3
1	42922554	CCTTCGGGCCCAGCC		2.252522	21.8
1	43392882	GAT		2.230958	21.6
1	43393354		CTC	2.360652	22.2
1	43395275	AGACAGCTGCTG		2.396155	22.3
1	43395593	CTCTCGGGG		2.261215	21.8
1	43396305	GAG		2.045408	20.2
1	44605947	AGTGGAGGTCATCACTTGCTCTCCACAGAGGTTCTGGTTACCAGTGGAGGTCGTCATCTGCCCTCCACAGAGGGCTTGGTTACC		0.323699	7.515
1	45796890	TCC		2.316413	22.1
1	45798772		ATCCAT	2.188846	21.3
1	45973988	TAC		2.199765	21.4
1	45974693	AGA		2.202892	21.4
1	45974824	CCCAGCAGAGCCCGGAGCTGGCTCAGC		1.554871	16.58
1	54605318		GGG	0.493111	9.338
1	55224726	TCT		0.71757	11.29
1	55505551	ACT		0.982901	13.31
1	55505551	ACTGCTGCT		1.386985	15.65
1	55505552		CTG	0.989065	13.35
1	55505552	CTGCTG		0.981943	13.31
1	55505603		GAGGAC	0.802667	11.97
1	55680540		GCC	1.599796	16.85
1	62672389		AACAGA	0.114474	4.502
1	63788983	GGCCGGAGCCGG		1.988719	19.64
1	63879807	TAA		1.650015	17.16
1	68896752	TCT		2.417184	22.4
1	68904629		CCA	2.22696	21.6
1	68912446	TGCCCA		2.21267	21.5
1	76199267	TGGATG		2.324151	22.1
1	76200483	TAT		2.221929	21.6
1	78024345		TAT	2.341847	22.2
1	85039998		GCAGCGCCA	0.537345	9.748
1	89250481	TCT		2.220793	21.6
1	92540208		CAT	0.063282	3.646
1	92732008	TTG		2.288209	22
1	92737110		TTC	1.540638	16.5
1	92754544	AGG		2.048905	20.2
1	94473282		AGG	2.430311	22.4
1	94485275	CACGCAGATGGCAAC		2.328632	22.1
1	94496553	GAA		2.267805	21.8
1	94506835	AGC		2.167072	21.2
1	100357187	CTTCTA		1.729871	17.68
1	100618005	TCT		2.29627	22
1	103379215	CACCCTTGTCAC		2.499345	22.6
1	103453205		CTT	2.06817	20.4
1	103470192	GAGGACCTT		2.469189	22.5
1	108703858	AAG		2.11152	20.7
1	109465156	CAA		0.934806	12.97
1	109465165	CTT		0.988597	13.35
1	109792735		CGC	1.123121	14.21
1	109815537		GAGGAGGAAGAA	2.099984	20.6
1	111667477	ATAACGAAC		2.45781	22.5
1	111674110	AGC		2.244345	21.7
1	111957495	CAGGGCTCACAGACTGATGACTCA		0.661822	10.83
1	111957501	TCACAGACTGATGACTCACAGGGG		0.656751	10.79
1	111957519		CAGGGGTCAGGGTCTTTTCCC	0.162589	5.272
1	111957547	GGTCAGGGTCTTTTCCCCAGGGGTCACAGACTGATAACCCACAGA		0.8033	11.98
1	112524666	AGA		2.099456	20.6
1	113252851	TTG		2.20728	21.5
1	115256597		TCC	2.116305	20.8
1	116243865		TCA	1.596425	16.83
1	116243865	TCA		1.738623	17.75
1	145415387		CCT	1.516606	16.36
1	146465894	TGGAAG		0.364097	7.999
1	149763017	AAG		0.266445	6.775
1	149885187	CTC		1.562189	16.63
1	151263677		ACA	1.511128	16.33
1	151373771	GACTTAGTA		2.236003	21.7
1	151380956	GAG		1.902062	18.97
1	151384258		AGG	0.959586	13.15
1	151584734		GGC	2.024057	19.92
1	151678722		TGCTGCTGC	1.636301	17.07
1	152084175		TGCTGCTCGCGCCTCTCC	0.591877	10.24
1	152084693	CTC		0.644781	10.69
1	152129065	TGGTGGGAATCTCTGTCTTGTTTCTCAGACTGACCA		0.747676	11.54
1	152681689		GGCTGCTGTAGCTCTGGC	0.503611	9.437
1	152882771	GAGCAGCAGGAGGGACAGCTGAAGCACCCG		0.888836	12.63
1	152921189	CCCCAGCAGTGCTGTCCCCCA		1.487715	16.2
1	152957820	GAGCCCTGCCACCCCAAGGTGCCT		1.923637	19.14
1	153004941	TGCCACCCCAAGGTGCCTGAGCCCTGCCACCCCAAAGTGCCCGAGCCCTGCCAGCCCAAGGTTCCAGAGCCA		1.911574	19.05
1	153907278		CTG	1.043443	13.72
1	154143154	TTC		2.532388	22.6
1	154143170	TCT		2.870613	23.3
1	154245863	GAA		1.818867	18.34
1	154842199		GCT	2.068489	20.4
1	154842199		GCTGCT	2.056444	20.3
1	154842199		GCTGCTGCTGCT	2.032354	19.99
1	154842199		GCTGCTGCTGCTGCTGCT	2.008264	19.8
1	154842199		GCTGCTGCTGCTGCTGCTGCT	1.996219	19.7
1	154842199	GCT		1.565455	16.65
1	154842199	GCTGCT		1.566655	16.65
1	154842330	TGCTGCTGCTGC		1.882544	18.82
1	154962931	CTC		2.526432	22.6
1	155057645	GGGGTGGGCCCC		2.411702	22.4
1	155209759	GTA		1.237833	14.86
1	155265341	GAT		2.58328	22.7
1	155658111	GCGGCGGCA		1.955812	19.39
1	156084797	AGG		2.57045	22.7
1	156084800	AGA		2.518569	22.6
1	156100414	AAG		2.518601	22.6
1	156100514	AGCGCACGCTGGAGG		2.323339	22.1
1	156104299	AGA		2.378652	22.3
1	156104733	AAG		2.407214	22.4
1	156104744	GGA		2.653772	22.9
1	156105004	AGGAAC		2.301349	22
1	156105021	GGG		2.257166	21.8