#CHROM	Position	REF	ALT	RawScore	PHRED	TRANSCRIPT	MetaRNN-indel_score
1	1167669		GCGGCGGGCGTGGCG	0.575805	10.1	ENST00000379198	0.1269969
1	1168064	TGCTGGCCA		1.712286	17.56	ENST00000379198	0.9066347
1	1372415	GGCTCCACTGCCCCTGGGCACCGG		1.576665	16.71	ENST00000476993;ENST00000471398;ENST00000495558	0.97104406;0.97104406;0.97104406
1	1640294	TCCTCC		1.209961	14.71	ENST00000358779;ENST00000378638;ENST00000378633;ENST00000404249;ENST00000357760;ENST00000356200	0.047115266;0.047115266;0.047115266;0.047115266;0.047115266;0.047115266
1	1684347	CCT		0.648403	10.72	ENST00000341991;ENST00000342348;ENST00000378625;ENST00000341426	0.08257538;0.08257538;0.08257538;0.08257538
1	1718779	ATC		2.60165	22.8	ENST00000378609	0.87540543
1	2124345		TTG	-0.694502	0.02		
1	2160484	TCCGACCGC		1.546701	16.54	ENST00000378536	0.9519057
1	2160484	TCCGACCGCTCC		1.535874	16.47	ENST00000378536	0.97261155
1	2160515		TACTGGAAGGCGAGACCA	1.434239	15.9	ENST00000378536	0.23421425
1	2338231	GCAGCCCCATGG		4.829158	33.0	ENST00000447513;ENST00000288774;ENST00000507596	0.8017454;0.8017454;0.8017454
1	2430086		GTGGGGGCC	1.712066	17.56		
1	2435830	TCC		1.113116	14.15	ENST00000419816;ENST00000378486	0.16744924;0.16744924
1	2460944		GCG	0.606259	10.36	ENST00000378453	0.17361209
1	3347514		GAC	1.420753	15.83	ENST00000511072;ENST00000270722;ENST00000378391;ENST00000509860;ENST00000514189	0.14562279;0.14562279;0.14562279;0.14562279;0.14562279
1	6509021	CCACCGCCGCCC		1.836709	18.48	ENST00000377828;ENST00000416731;ENST00000461727	0.00829941;0.00829941;0.00829941
1	6517283	GGAGGCGGGACCTCCTGC		2.304304	22.0	ENST00000377828;ENST00000416731;ENST00000461727	0.911142;0.911142;0.911142
1	6520178	GAA		2.152172	21.1	ENST00000377828;ENST00000416731;ENST00000461727	0.45648822;0.45648822;0.45648822
1	6529182	TCCTCC		0.994802	13.39	ENST00000535355;ENST00000377728;ENST00000537245;ENST00000400915;ENST00000377732;ENST00000377748;ENST00000400913;ENST00000377740;ENST00000340850;ENST00000377725	0.061875373;0.061875373;0.061875373;0.061875373;0.061875373;0.061875373;0.061875373;0.061875373;0.061875373;0.061875373
1	6529188		TCCTCCTCCTCCTCCTCCTCTTCCTCCTCCTGCTCA	1.018437	13.55	ENST00000535355;ENST00000377728;ENST00000537245;ENST00000400915;ENST00000377732;ENST00000377748;ENST00000400913;ENST00000377740;ENST00000340850;ENST00000377725	0.14052925;0.14052925;0.14052925;0.14052925;0.14052925;0.14052925;0.14052925;0.14052925;0.14052925;0.14052925
1	6529197		TCCTCCTCCTCT	1.665595	17.26	ENST00000535355;ENST00000377728;ENST00000537245;ENST00000400915;ENST00000377732;ENST00000377748;ENST00000400913;ENST00000377740;ENST00000340850;ENST00000377725	0.14609295;0.14609295;0.14609295;0.14609295;0.14609295;0.14609295;0.14609295;0.14609295;0.14609295;0.14609295
1	7724635	TTCCAGGCCAAC		2.141498	21.0	ENST00000303635	0.48140833
1	7889972	AGAATCCATCCCATCCTACTGCCAGCGCTCTGTCCACAGGATCGCCTCCCATGA		0.194637	5.76		
1	8045014	GCC		1.726835	17.66	ENST00000377493;ENST00000493678;ENST00000469225;ENST00000377488;ENST00000377491;ENST00000493373;ENST00000338639	0.9886267;0.9886267;0.9886267;0.9886267;0.9886267;0.9886267;0.9886267
1	8418276		GGTGGA	2.395149	22.3	ENST00000476556;ENST00000400908;ENST00000377464;ENST00000337907	0.56076425;0.56076425;0.56076425;0.56076425
1	8418276	GGTGGA		2.388057	22.3	ENST00000476556;ENST00000400908;ENST00000377464;ENST00000337907	0.95834416;0.95834416;0.95834416;0.95834416
1	8419842	CGCTCC		1.884286	18.84	ENST00000476556;ENST00000400908;ENST00000377464;ENST00000337907	0.13306108;0.13306108;0.13306108;0.13306108
1	8419842	CGCTCCCGCTCT		1.927812	19.17	ENST00000476556;ENST00000400908;ENST00000377464;ENST00000337907	0.05859214;0.05859214;0.05859214;0.05859214
1	8419854		CGCTCC	0.94572	13.05	ENST00000476556;ENST00000400908;ENST00000377464;ENST00000337907	0.20613733;0.20613733;0.20613733;0.20613733
1	8419868		CTCCTT	1.761032	17.91	ENST00000476556;ENST00000400908;ENST00000377464;ENST00000337907	0.28008848;0.28008848;0.28008848;0.28008848
1	8419868	CTCCTT		2.208848	21.5	ENST00000476556;ENST00000400908;ENST00000377464;ENST00000337907	0.42842516;0.42842516;0.42842516;0.42842516
1	8420958		GTGGGGGGCCTGGGTGCTGCA	1.88489	18.84	ENST00000476556;ENST00000400908;ENST00000377464;ENST00000337907	0.14947072;0.14947072;0.14947072;0.14947072
1	8421106		GGGATGCGGCGG	1.304034	15.21	ENST00000476556;ENST00000400908;ENST00000377464;ENST00000337907	0.14678052;0.14678052;0.14678052;0.14678052
1	8421106	GGGATGCGGCGG		0.468803	9.104	ENST00000476556;ENST00000400908;ENST00000377464;ENST00000337907	0.0072131157;0.0072131157;0.0072131157;0.0072131157
1	8716306		CGGTCC	2.063318	20.3	ENST00000400907;ENST00000468247;ENST00000400908;ENST00000337907	0.16751659;0.16751659;0.16751659;0.16751659
1	8716321	TCTTTG		2.040368	20.1	ENST00000400907;ENST00000468247;ENST00000400908;ENST00000337907	0.09615815;0.09615815;0.09615815;0.09615815
1	10699140	TCGTCG		1.719298	17.61	ENST00000377022	0.052776754
1	10699143	TCGTCGTCGTCC		1.813132	18.3	ENST00000377022	0.027326643
1	10699188	TCGTCC		1.554053	16.58	ENST00000377022	0.043889195
1	11190679		GTGGTGGCAGTGGCGGCC	0.791688	11.89	ENST00000361445;ENST00000376838	0.18056312;0.18056312
1	11190697	GTGGTGGCGGCA		1.471445	16.11	ENST00000361445;ENST00000376838	0.061887503;0.061887503
1	11190751	TTC		2.291417	22.0	ENST00000361445;ENST00000376838	0.44826618;0.44826618
1	11308100	GTC		2.296482	22.0	ENST00000361445	0.3372535
1	11710779	GCG		1.437956	15.92	ENST00000354287;ENST00000465901	0.12423238;0.12423238
1	11852373	CTT		2.397832	22.3	ENST00000376592;ENST00000376583;ENST00000376585;ENST00000376590	0.15816385;0.15816385;0.15816385;0.15816385
1	11856363	TGA		1.924564	19.14	ENST00000376592;ENST00000376583;ENST00000376585;ENST00000376590	0.98299855;0.98299855;0.98299855;0.98299855
1	11861390		GGGTCACCTGCTGGGTGCCAGGTCACGTCTATGTAGAGG	2.216718	21.5		
1	12026314	AGG		2.53001	22.6	ENST00000196061	0.7688147
1	14105121		GAA	0.424167	8.654	ENST00000235372;ENST00000311066;ENST00000413440;ENST00000407521;ENST00000343137	0.14480019;0.14480019;0.14480019;0.14480019;0.14480019
1	14106394		CTC	1.803035	18.22	ENST00000235372;ENST00000311066;ENST00000413440;ENST00000343137	0.16969317;0.16969317;0.16969317;0.16969317
1	15772182	ACACCCGCAAGAAGCCGGTAGTCT		1.873094	18.75	ENST00000375949	0.98223436
1	17313380	AGA		1.672726	17.3	ENST00000502418;ENST00000326735;ENST00000452699;ENST00000341676	0.6759928;0.6759928;0.6759928;0.6759928
1	17371316	ATCGATAGA		2.308562	22.0	ENST00000375499	0.98895156
1	20880267		GAG	1.894142	18.91	ENST00000332947	0.12802139
1	20977034		CAA	2.046422	20.2	ENST00000321556	0.19153988
1	21502724	GCCGCCGCC		1.50587	16.3		
1	21801435	GTCTCCCAG		0.410166	8.507	ENST00000318249;ENST00000342104;ENST00000454000	0.037851363;0.028327346;0.037851363
1	21900272	CTT		2.462236	22.5	ENST00000539907;ENST00000540617;ENST00000374840;ENST00000374832	0.9968379;0.9968379;0.9968379;0.9968379
1	21902324	CCT		1.735447	17.72	ENST00000539907;ENST00000540617;ENST00000374840;ENST00000374832	0.86658376;0.86658376;0.86658376;0.86658376
1	24022368	GAG		2.509942	22.6	ENST00000458455;ENST00000374550	0.40587437;0.6442749
1	26135595		CCT	2.282618	21.9	ENST00000354177	0.36020744
1	26608807	GGGTCCAGGACA		0.604217	10.35	ENST00000314675;ENST00000374221;ENST00000374223;ENST00000374222;ENST00000374217;ENST00000357089	0.014441848;0.014441848;0.014441848;0.014441848;0.014441848;0.014441848
1	26608829	CCGGGACCGGGACCGGGACTGGGGCCGGGACCGGGA		0.233927	6.33	ENST00000314675;ENST00000374221;ENST00000374223;ENST00000374222;ENST00000374217;ENST00000357089	0.00072804093;0.00072804093;0.00072804093;0.00072804093;0.00072804093;0.00072804093
1	26608853	CCGGGACCGGGA		0.291407	7.1	ENST00000314675;ENST00000374221;ENST00000374223;ENST00000374222;ENST00000374217;ENST00000357089	0.018076003;0.018076003;0.018076003;0.018076003;0.018076003;0.018076003
1	26673138		CCT	1.676126	17.32	ENST00000475866	0.17432085
1	27022939	CCG		1.541865	16.51	ENST00000324856;ENST00000457599	0.14100352;0.14100352
1	27023007		GGC	2.051396	20.2	ENST00000324856;ENST00000457599	0.13410765;0.13410765
1	27023140		GGCGGCGGCGGCGGAGCC	1.912393	19.05	ENST00000324856;ENST00000457599	0.09680739;0.09680739
1	27023144	GCGGCGGCGGAGCCGGCA		1.874262	18.76	ENST00000324856;ENST00000457599	0.003150791;0.003150791
1	27023620		GCG	1.944546	19.3	ENST00000324856;ENST00000457599	0.09449133;0.09449133
1	27023620	GCG		1.683476	17.37	ENST00000324856;ENST00000457599	0.09449133;0.09449133
1	27023740	GGCGGG		1.96216	19.43	ENST00000324856;ENST00000457599	0.01935348;0.01935348
1	27023908	GCTGCGGCGGCGGCA		2.065949	20.4	ENST00000324856;ENST00000457599	0.009348631;0.009348631
1	27023911	GCGGCGGCGGCAGCTGCG		2.068992	20.4	ENST00000324856;ENST00000457599	0.006468475;0.006468475
1	27100181		GCA	1.708055	17.53	ENST00000374152;ENST00000324856;ENST00000457599	0.15791252;0.15791252;0.15791252
1	27100181		GCAGCA	1.69601	17.45	ENST00000374152;ENST00000324856;ENST00000457599	0.15791252;0.15791252;0.15791252
1	27100181	GCA		1.720104	17.62	ENST00000374152;ENST00000324856;ENST00000457599	0.11100289;0.11100289;0.11100289
1	27106364		ATTTGT	2.368899	22.3	ENST00000374152;ENST00000324856;ENST00000457599	0.36416942;0.36416942;0.36416942
1	27107185	TGA		2.195393	21.4	ENST00000374152;ENST00000324856;ENST00000457599	0.3724026;0.3724026;0.3724026
1	27428886	GGT		2.39813	22.3	ENST00000263980	0.1656746
1	27875374	GGCAGAGGCTGCAGAGGT		1.983723	19.6	ENST00000374011;ENST00000247087	0.05771005;0.05771005
1	27875384	GCAGAGGTG		1.961515	19.43	ENST00000374011;ENST00000247087	0.075041294;0.075041294
1	27875517	AGG		2.236871	21.7	ENST00000374011;ENST00000247087	0.12745845;0.12745845
1	28286607	CTT		1.057626	13.81	ENST00000373884	0.16306734
1	31381374	CCGGCCCCGGCG		1.376285	15.59	ENST00000339394	0.015510857
1	33272123	CCACCTGCTTTA		2.252916	21.8	ENST00000373477	0.9368343
1	35250783	ATT		2.100314	20.6	ENST00000373362;ENST00000373366	0.71789;0.71789
1	35580282	ATA		0.489639	9.305	ENST00000373330;ENST00000359858	0.11681241;0.11681241
1	36203659	TTC		2.09169	20.6	ENST00000520551;ENST00000251195;ENST00000373220;ENST00000318121	0.15084049;0.15084049;0.15084049;0.15084049
1	36558064	GAT		2.332968	22.1	ENST00000373178	0.28142554
1	36643700	AGA		1.466858	16.08	ENST00000373150;ENST00000316156;ENST00000373151	0.09798357;0.09798357;0.09798357
1	40424345	GTT		0.570399	10.05	ENST00000372809	0.1874274
1	40557821	AAG		2.088271	20.5	ENST00000433473	0.8771674
1	41249946		CGGGCTCCGGCT	1.485191	16.18	ENST00000347132;ENST00000509682	0.08121878;0.08121878
1	41250023	GTCTACAAC		2.038854	20.1	ENST00000347132;ENST00000509682	0.7924303;0.7924303
1	41285110	CTC		2.058681	20.3	ENST00000347132;ENST00000509682	0.977244;0.977244
1	42922554	CCTTCGGGCCCAGCC		2.252522	21.8	ENST00000372560;ENST00000372561	0.07758322;0.07758322
1	43392882	GAT		2.230958	21.6	ENST00000426263	0.919448
1	43393354		CTC	2.360652	22.2	ENST00000426263	0.9875288
1	43395275	AGACAGCTGCTG		2.396155	22.3	ENST00000426263	0.9956486
1	43395593	CTCTCGGGG		2.261215	21.8	ENST00000426263	0.9942682
1	43396305	GAG		2.045408	20.2	ENST00000372500;ENST00000426263	0.4575842;0.96010685
1	44605947	AGTGGAGGTCATCACTTGCTCTCCACAGAGGTTCTGGTTACCAGTGGAGGTCGTCATCTGCCCTCCACAGAGGGCTTGGTTACC		0.323699	7.515		
1	45796890	TCC		2.316413	22.1	ENST00000372115;ENST00000528013;ENST00000372098;ENST00000372104;ENST00000355498;ENST00000488731;ENST00000450313;ENST00000456914;ENST00000448481;ENST00000529984;ENST00000372110;ENST00000354383	0.44288635;0.44288635;0.44288635;0.44288635;0.44288635;0.44288635;0.44288635;0.44288635;0.44288635;0.44288635;0.44288635;0.44288635
1	45798772		ATCCAT	2.188846	21.3	ENST00000372115;ENST00000528013;ENST00000372098;ENST00000372104;ENST00000355498;ENST00000435155;ENST00000450313;ENST00000456914;ENST00000448481;ENST00000372110;ENST00000354383	0.68841016;0.68841016;0.68841016;0.68841016;0.68841016;0.68841016;0.68841016;0.68841016;0.68841016;0.68841016;0.68841016
1	45973988	TAC		2.199765	21.4	ENST00000401061	0.6784209
1	45974693	AGA		2.202892	21.4	ENST00000401061	0.8656188
1	45974824	CCCAGCAGAGCCCGGAGCTGGCTCAGC		1.554871	16.58	ENST00000401061	0.014373452
1	54605318		GGG	0.493111	9.338	ENST00000371330	0.17637676
1	55224726	TCT		0.71757	11.29	ENST00000371279	0.16138962
1	55505551	ACT		0.982901	13.31	ENST00000302118	0.07949749
1	55505551	ACTGCTGCT		1.386985	15.65	ENST00000302118	0.019614995
1	55505552		CTG	0.989065	13.35	ENST00000302118	0.14636046
1	55505552	CTGCTG		0.981943	13.31	ENST00000302118	0.08572167
1	55505603		GAGGAC	0.802667	11.97	ENST00000302118	0.13735679
1	55680540		GCC	1.599796	16.85	ENST00000294383	0.15129709
1	62672389		AACAGA	0.114474	4.502	ENST00000498273	0.099310756
1	63788983	GGCCGGAGCCGG		1.988719	19.64	ENST00000371116	0.008155525
1	63879807	TAA		1.650015	17.16	ENST00000371108;ENST00000263440	0.17561197;0.52357423
1	68896752	TCT		2.417184	22.4	ENST00000262340	0.99492514
1	68904629		CCA	2.22696	21.6	ENST00000262340	0.9126427
1	68912446	TGCCCA		2.21267	21.5	ENST00000262340	0.9942571
1	76199267	TGGATG		2.324151	22.1	ENST00000370834;ENST00000370841;ENST00000420607;ENST00000541113	0.9946118;0.9946118;0.9946118;0.9946118
1	76200483	TAT		2.221929	21.6	ENST00000370834;ENST00000370841;ENST00000420607;ENST00000541113	0.98906577;0.98906577;0.98906577;0.98906577
1	78024345		TAT	2.341847	22.2	ENST00000344720;ENST00000478255;ENST00000354567	0.17257074;0.17257074;0.17257074
1	85039998		GCAGCGCCA	0.537345	9.748	ENST00000370630	0.20331231
1	89250481	TCT		2.220793	21.6	ENST00000370521;ENST00000370513;ENST00000316005	0.12741369;0.12741369;0.12741369
1	92540208		CAT	0.063282	3.646		
1	92732008	TTG		2.288209	22.0	ENST00000495852;ENST00000370360	0.5154074;0.6360436
1	92737110		TTC	1.540638	16.5	ENST00000495852;ENST00000370360	0.16569522;0.23142874
1	92754544	AGG		2.048905	20.2	ENST00000370360	0.67483574
1	94473282		AGG	2.430311	22.4	ENST00000370225;ENST00000536513	0.9566833;0.19586742
1	94485275	CACGCAGATGGCAAC		2.328632	22.1	ENST00000370225	0.98600495
1	94496553	GAA		2.267805	21.8	ENST00000370225	0.50388557
1	94506835	AGC		2.167072	21.2	ENST00000370225	0.84326625
1	100357187	CTTCTA		1.729871	17.68	ENST00000370165;ENST00000370161;ENST00000361915;ENST00000370163;ENST00000294724	0.906623;0.906623;0.906623;0.906623;0.906623
1	100618005	TCT		2.29627	22.0	ENST00000370137;ENST00000342895;ENST00000370138	0.25571716;0.25571716;0.25571716
1	103379215	CACCCTTGTCAC		2.499345	22.6	ENST00000370096;ENST00000512756;ENST00000358392;ENST00000353414	0.9959959;0.9959959;0.9959959;0.9959959
1	103453205		CTT	2.06817	20.4	ENST00000370096;ENST00000512756;ENST00000358392;ENST00000353414	0.97896904;0.97896904;0.97896904;0.97896904
1	103470192	GAGGACCTT		2.469189	22.5	ENST00000370096;ENST00000512756;ENST00000358392;ENST00000353414	0.98806995;0.98806995;0.98806995;0.98806995
1	108703858	AAG		2.11152	20.7	ENST00000565488;ENST00000370041	0.5492725;0.5492725
1	109465156	CAA		0.934806	12.97	ENST00000264126;ENST00000406462	0.17369696;0.17369696
1	109465165	CTT		0.988597	13.35	ENST00000264126;ENST00000406462	0.17729908;0.17729908
1	109792735		CGC	1.123121	14.21	ENST00000271332	0.16373011
1	109815537		GAGGAGGAAGAA	2.099984	20.6	ENST00000271332	0.17590386
1	111667477	ATAACGAAC		2.45781	22.5	ENST00000286692;ENST00000539140	0.9621756;0.9621756
1	111674110	AGC		2.244345	21.7	ENST00000286692;ENST00000539140	0.25224572;0.25224572
1	111957495	CAGGGCTCACAGACTGATGACTCA		0.661822	10.83	ENST00000369732	0.000705451
1	111957501	TCACAGACTGATGACTCACAGGGG		0.656751	10.79	ENST00000369732	0.000606239
1	111957519		CAGGGGTCAGGGTCTTTTCCC	0.162589	5.272		
1	111957547	GGTCAGGGTCTTTTCCCCAGGGGTCACAGACTGATAACCCACAGA		0.8033	11.98	ENST00000369732	0.000765771
1	112524666	AGA		2.099456	20.6	ENST00000315987;ENST00000369697;ENST00000302127	0.9831944;0.9831944;0.9831944
1	113252851	TTG		2.20728	21.5	ENST00000464951;ENST00000309276	0.14694366;0.14694366
1	115256597		TCC	2.116305	20.8	ENST00000369535	0.93834513
1	116243865		TCA	1.596425	16.83	ENST00000261448	0.20642495
1	116243865	TCA		1.738623	17.75	ENST00000261448	0.21663436
1	145415387		CCT	1.516606	16.36	ENST00000421822;ENST00000336751	0.20618308;0.20618308
1	146465894	TGGAAG		0.364097	7.999		
1	149763017	AAG		0.266445	6.775	ENST00000369168	0.029926538
1	149885187	CTC		1.562189	16.63	ENST00000369146;ENST00000369145	0.13599586;0.13599586
1	151263677		ACA	1.511128	16.33	ENST00000324048;ENST00000336715	0.17237175;0.17237175
1	151373771	GACTTAGTA		2.236003	21.7	ENST00000290541	0.79638207
1	151380956	GAG		1.902062	18.97	ENST00000368863;ENST00000392723;ENST00000529669;ENST00000491586;ENST00000271715;ENST00000531094;ENST00000409503	0.20779666;0.20779666;0.20779666;0.20779666;0.20779666;0.20779666;0.20779666
1	151384258		AGG	0.959586	13.15	ENST00000491586	0.17406738
1	151584734		GGC	2.024057	19.92	ENST00000458013;ENST00000368843	0.12468162;0.12468162
1	151678722		TGCTGCTGC	1.636301	17.07	ENST00000290585;ENST00000290583	0.16750494;0.16750494
1	152084175		TGCTGCTCGCGCCTCTCC	0.591877	10.24	ENST00000368804	0.1551157
1	152084693	CTC		0.644781	10.69	ENST00000368804	0.14682159
1	152129065	TGGTGGGAATCTCTGTCTTGTTTCTCAGACTGACCA		0.747676	11.54	ENST00000316073	0.00099954
1	152681689		GGCTGCTGTAGCTCTGGC	0.503611	9.437		
1	152882771	GAGCAGCAGGAGGGACAGCTGAAGCACCCG		0.888836	12.63	ENST00000368764	0.003732622
1	152921189	CCCCAGCAGTGCTGTCCCCCA		1.487715	16.2		
1	152957820	GAGCCCTGCCACCCCAAGGTGCCT		1.923637	19.14	ENST00000368762	0.06695804
1	153004941	TGCCACCCCAAGGTGCCTGAGCCCTGCCACCCCAAAGTGCCCGAGCCCTGCCAGCCCAAGGTTCCAGAGCCA		1.911574	19.05		
1	153907278		CTG	1.043443	13.72	ENST00000361217;ENST00000368646	0.17043391;0.17043391
1	154143154	TTC		2.532388	22.6	ENST00000302206;ENST00000328159;ENST00000330188;ENST00000368533;ENST00000368531;ENST00000271850;ENST00000341485;ENST00000323144;ENST00000368530;ENST00000341372	0.62144595;0.62144595;0.62144595;0.62144595;0.62144595;0.62144595;0.62144595;0.62144595;0.62144595;0.62144595
1	154143170	TCT		2.870613	23.3	ENST00000302206;ENST00000328159;ENST00000330188;ENST00000368533;ENST00000368531;ENST00000271850;ENST00000341485;ENST00000323144;ENST00000368530;ENST00000341372	0.9729382;0.9729382;0.9729382;0.9729382;0.9729382;0.9729382;0.9729382;0.9729382;0.9729382;0.9729382
1	154245863	GAA		1.818867	18.34	ENST00000328703;ENST00000483970;ENST00000435087	0.14041162;0.14041162;0.14041162
1	154842199		GCT	2.068489	20.4	ENST00000271915	0.17456767
1	154842199		GCTGCT	2.056444	20.3	ENST00000271915	0.17456767
1	154842199		GCTGCTGCTGCT	2.032354	19.99	ENST00000271915	0.17456767
1	154842199		GCTGCTGCTGCTGCTGCT	2.008264	19.8	ENST00000271915	0.17456767
1	154842199		GCTGCTGCTGCTGCTGCTGCT	1.996219	19.7	ENST00000271915	0.17456767
1	154842199	GCT		1.565455	16.65	ENST00000271915	0.13158816
1	154842199	GCTGCT		1.566655	16.65	ENST00000271915	0.086506695
1	154842330	TGCTGCTGCTGC		1.882544	18.82	ENST00000271915	0.046982944
1	154962931	CTC		2.526432	22.6	ENST00000315144;ENST00000292180;ENST00000368432;ENST00000368428	0.378146;0.378146;0.378146;0.378146
1	155057645	GGGGTGGGCCCC		2.411702	22.4	ENST00000368408;ENST00000505139	0.26411533;0.26411533
1	155209759	GTA		1.237833	14.86	ENST00000427500;ENST00000368373;ENST00000327247	0.76862663;0.76862663;0.76862663
1	155265341	GAT		2.58328	22.7	ENST00000342741;ENST00000392414	0.9635582;0.9635582
1	155658111	GCGGCGGCA		1.955812	19.39	ENST00000368340;ENST00000368339;ENST00000405763	0.044333845;0.044333845;0.044333845
1	156084797	AGG		2.57045	22.7	ENST00000368300;ENST00000361308;ENST00000368299;ENST00000368301;ENST00000347559	0.99290013;0.99290013;0.99290013;0.99290013;0.99290013
1	156084800	AGA		2.518569	22.6	ENST00000368300;ENST00000361308;ENST00000368299;ENST00000368301;ENST00000347559	0.9952506;0.9952506;0.9952506;0.9952506;0.9952506
1	156100414	AAG		2.518601	22.6	ENST00000504687;ENST00000368297;ENST00000368300;ENST00000361308;ENST00000368299;ENST00000448611;ENST00000473598;ENST00000368301;ENST00000347559	0.85777223;0.85777223;0.85777223;0.85777223;0.85777223;0.85777223;0.85777223;0.85777223;0.85777223
1	156100514	AGCGCACGCTGGAGG		2.323339	22.1	ENST00000504687;ENST00000368297;ENST00000368300;ENST00000361308;ENST00000368299;ENST00000448611;ENST00000473598;ENST00000368301;ENST00000347559	0.97857744;0.97857744;0.97857744;0.97857744;0.97857744;0.97857744;0.97857744;0.97857744;0.97857744
1	156104299	AGA		2.378652	22.3	ENST00000504687;ENST00000368297;ENST00000368300;ENST00000361308;ENST00000368299;ENST00000448611;ENST00000473598;ENST00000368301;ENST00000347559	0.9736149;0.9736149;0.9736149;0.9736149;0.9736149;0.9736149;0.9736149;0.9736149;0.9736149
1	156104733	AAG		2.407214	22.4	ENST00000504687;ENST00000368297;ENST00000368300;ENST00000361308;ENST00000368299;ENST00000448611;ENST00000473598;ENST00000368301;ENST00000347559	0.9073243;0.9073243;0.9073243;0.9073243;0.9073243;0.9073243;0.9073243;0.9073243;0.9073243
1	156104744	GGA		2.653772	22.9	ENST00000504687;ENST00000368297;ENST00000368300;ENST00000361308;ENST00000368299;ENST00000448611;ENST00000473598;ENST00000368301;ENST00000347559	0.98694456;0.98694456;0.98694456;0.98694456;0.98694456;0.98694456;0.98694456;0.98694456;0.98694456
1	156105004	AGGAAC		2.301349	22.0	ENST00000368297;ENST00000368300;ENST00000361308;ENST00000368299;ENST00000448611;ENST00000473598;ENST00000368301;ENST00000347559	0.92984736;0.92984736;0.92984736;0.92984736;0.92984736;0.92984736;0.92984736;0.92984736
1	156105021	GGG		2.257166	21.8	ENST00000368297;ENST00000368300;ENST00000361308;ENST00000368299;ENST00000448611;ENST00000473598;ENST00000368301;ENST00000347559	0.6284916;0.6284916;0.6284916;0.6284916;0.6284916;0.6284916;0.6284916;0.6284916
